k,auc,ci_lower,ci_upper
0.2,0.5131830439003344,0.47510364213896733,0.5497129141953183
0.225,0.5135109481177866,0.4756848093797435,0.5499411429254102
0.25,0.5137094164599287,0.4757274825110179,0.5505290813947732
0.275,0.5138949412145399,0.476249055659316,0.5507245674978799
0.3,0.5138949412145399,0.4763892632732184,0.5509891614579163
0.32499999999999996,0.5141581274943372,0.4764870479173165,0.5514731726149934
0.35,0.5144040556574264,0.4763251907179173,0.5515635783926606
0.375,0.5142185309028152,0.4757977629581856,0.5514064426016164
0.39999999999999997,0.5142530471362312,0.4761011204755481,0.551086068977712
